Merchant Number - Business Name,Transaction Date,Terminal ID,System Batch Number,Device Batch Number,Request Amount,Settle Amount,Card Number,Card Product,Ext Card Type,Auth Code,System Trace Audit Number,Retrieval Reference,Message Type,Transaction Type,Extended Transaction Type,Transaction Paid,Pos Entry Mode,Device Serial,store,Batch Screening Status,Transaction Screening Status,Date Payment Extract,UTI,Online Reference Number,Issuing Bank,BIN,Processing,Product Type,Decline Reason
M001 - Merchant A,2025-07-04,T1860,86820,64886,516,494,**** **** **** 5426,Amex,Debit,275203,291335,5537253172,Refund,Online,Contactless,No,Swipe,DS3433,Store_4,Approved,Cleared,2025-07-05,521909,130349564,Bank A,425658,Standard,Services,Card Expired
M002 - Merchant B,2025-07-14,T3734,45773,77435,1317,1315,**** **** **** 4556,Amex,Credit,589492,356840,9646907153,Refund,POS,Contactless,No,Swipe,DS8513,Store_1,Pending,Flagged,2025-07-16,778843,624150214,Bank A,417159,Standard,Food,Insufficient Funds
M001 - Merchant A,2025-07-04,T2585,79479,99475,3123,3118,**** **** **** 4843,MasterCard,Credit,538974,302283,6992124617,Refund,Online,Contactless,Yes,Manual,DS8629,Store_3,Approved,Flagged,2025-07-04,123247,191693393,Bank C,409268,Express,Services,
M002 - Merchant B,2025-07-12,T9571,48044,61214,3934,3934,**** **** **** 9006,Visa,Debit,555808,233767,4055190407,Sale,POS,Normal,Yes,Chip,DS4561,Store_3,Pending,Cleared,2025-07-14,894824,629561415,Bank B,452256,Express,Food,Card Expired
M002 - Merchant B,2025-07-08,T9996,94651,73335,2823,2797,**** **** **** 6056,Amex,Credit,239182,572525,3410667225,Sale,POS,Contactless,Yes,Manual,DS5488,Store_3,Declined,Flagged,2025-07-09,647707,563390156,Bank C,450015,Standard,Retail,
M002 - Merchant B,2025-07-04,T2757,90356,81910,1728,1686,**** **** **** 5636,Visa,Debit,961882,979858,9076547867,Refund,Online,Normal,No,Chip,DS3693,Store_4,Pending,Flagged,2025-07-06,642335,346703609,Bank C,415707,Standard,Food,Insufficient Funds
M001 - Merchant A,2025-07-01,T2306,71373,16776,2725,2713,**** **** **** 6864,Amex,Credit,551269,121959,6248913060,Sale,POS,Contactless,No,Manual,DS8994,Store_2,Approved,Flagged,2025-07-01,937437,116816569,Bank B,465318,Express,Food,
M001 - Merchant A,2025-07-01,T1698,36736,10854,3524,3523,**** **** **** 6172,MasterCard,Debit,781669,580671,4127665406,Refund,Online,Normal,No,Swipe,DS1197,Store_2,Declined,Cleared,2025-07-01,455528,403998075,Bank C,451663,Standard,Food,Card Expired
M002 - Merchant B,2025-07-03,T2986,21411,12911,1784,1744,**** **** **** 3976,Amex,Debit,373255,399648,1487365080,Refund,POS,Normal,No,Swipe,DS1262,Store_4,Pending,Flagged,2025-07-03,247443,227348283,Bank A,402049,Standard,Services,
M001 - Merchant A,2025-07-11,T8158,53016,17400,3220,3202,**** **** **** 3255,Amex,Debit,630583,488215,3757504919,Refund,POS,Normal,No,Swipe,DS5199,Store_4,Pending,Cleared,2025-07-12,924792,802234722,Bank A,468497,Express,Services,Insufficient Funds
M002 - Merchant B,2025-07-06,T1956,48467,33328,4543,4523,**** **** **** 5911,Amex,Credit,710704,956703,3330192559,Refund,POS,Normal,No,Manual,DS2045,Store_2,Pending,Flagged,2025-07-07,234508,710085301,Bank C,430746,Express,Retail,Insufficient Funds
M001 - Merchant A,2025-07-12,T8022,15600,50764,865,847,**** **** **** 8683,Amex,Debit,996048,730271,5271561899,Refund,Online,Normal,No,Chip,DS2060,Store_4,Approved,Cleared,2025-07-13,538452,410493790,Bank C,466235,Standard,Food,
M001 - Merchant A,2025-07-07,T2184,95314,36641,1866,1825,**** **** **** 6854,MasterCard,Debit,465890,545101,6835343510,Refund,POS,Normal,No,Swipe,DS1784,Store_4,Approved,Cleared,2025-07-09,833429,570260911,Bank C,454748,Express,Food,Insufficient Funds
M001 - Merchant A,2025-07-02,T9716,98891,97545,3000,2965,**** **** **** 5780,Visa,Debit,368799,337549,9708547726,Refund,Online,Contactless,No,Manual,DS1853,Store_3,Approved,Flagged,2025-07-04,750429,256943484,Bank B,455609,Express,Services,
M002 - Merchant B,2025-07-10,T4854,25338,78027,2710,2678,**** **** **** 4124,Visa,Credit,711523,821772,7616977454,Sale,POS,Contactless,No,Chip,DS5465,Store_4,Pending,Flagged,2025-07-12,186672,739180919,Bank C,479634,Express,Services,Card Expired
M002 - Merchant B,2025-07-05,T9308,15949,61990,1200,1192,**** **** **** 2931,Visa,Credit,953049,850201,2899888366,Refund,Online,Contactless,No,Chip,DS8404,Store_1,Approved,Flagged,2025-07-05,546438,774788031,Bank C,416964,Express,Retail,Card Expired
M001 - Merchant A,2025-07-12,T5249,77215,79042,2794,2766,**** **** **** 6188,Amex,Credit,675581,178781,8573592537,Refund,POS,Normal,No,Chip,DS8421,Store_2,Approved,Cleared,2025-07-13,647337,955324405,Bank A,497379,Express,Food,Insufficient Funds
M002 - Merchant B,2025-07-03,T3489,19823,70160,1065,1061,**** **** **** 5611,Amex,Debit,718992,149115,7757559970,Refund,POS,Normal,Yes,Manual,DS6732,Store_4,Declined,Cleared,2025-07-03,604999,767225929,Bank C,489643,Standard,Retail,Card Expired
M002 - Merchant B,2025-07-02,T9945,37350,35351,1675,1642,**** **** **** 9306,Visa,Credit,103267,182745,2496094321,Sale,POS,Normal,No,Chip,DS8164,Store_1,Pending,Cleared,2025-07-02,791095,344103359,Bank C,483042,Express,Services,
M001 - Merchant A,2025-07-08,T7806,17357,42479,4182,4171,**** **** **** 4440,Amex,Credit,798646,737144,9171402512,Sale,Online,Contactless,No,Chip,DS2365,Store_1,Declined,Cleared,2025-07-08,179459,146547339,Bank A,472936,Standard,Retail,Card Expired
